{"cameraMode":{"drawMode":0,"name":"Shaded","section":"Shading Mode"},"sceneLighting":false,"audioPlay":false,"sceneViewState":{"showFog":true,"showMaterialUpdate":false,"showSkybox":false,"showFlares":true,"showImageEffects":true,"showParticleSystems":true},"in2DMode":false,"pivot":{"x":50.53984069824219,"y":3.4241013526916506,"z":33.83675765991211},"rotation":{"x":-0.16168147325515748,"y":0.753479540348053,"z":-0.2014988213777542,"w":-0.6045874953269959},"size":10.262735366821289,"orthographic":false}