{"cameraMode":{"drawMode":0,"name":"Shaded","section":"Shading Mode"},"sceneLighting":false,"audioPlay":false,"sceneViewState":{"showFog":false,"showMaterialUpdate":false,"showSkybox":false,"showFlares":false,"showImageEffects":false,"showParticleSystems":false},"in2DMode":false,"pivot":{"x":39.939998626708987,"y":17.6200008392334,"z":51.413700103759769},"rotation":{"x":0.1319279968738556,"y":0.2253933548927307,"z":-0.030820472165942193,"w":0.9648021459579468},"size":8.2377347946167,"orthographic":false}