{"cameraMode":{"drawMode":0,"name":"Shaded","section":"Shading Mode"},"sceneLighting":true,"audioPlay":false,"sceneViewState":{"showFog":false,"showMaterialUpdate":false,"showSkybox":false,"showFlares":false,"showImageEffects":false,"showParticleSystems":false},"in2DMode":false,"pivot":{"x":43.58579635620117,"y":17.959312438964845,"z":-0.08268656581640244},"rotation":{"x":0.7017653584480286,"y":-0.0055565801449120049,"z":0.005474499426782131,"w":0.712370753288269},"size":13.543822288513184,"orthographic":false}