{"cameraMode":{"drawMode":0,"name":"Shaded","section":"Shading Mode"},"sceneLighting":false,"audioPlay":false,"sceneViewState":{"showFog":true,"showMaterialUpdate":true,"showSkybox":false,"showFlares":true,"showImageEffects":true,"showParticleSystems":true},"in2DMode":false,"pivot":{"x":0.27187442779541018,"y":3.1456096172332765,"z":3.410770893096924},"rotation":{"x":0.7015817165374756,"y":-0.017095735296607019,"z":0.016841193661093713,"w":0.7121851444244385},"size":77.95441436767578,"orthographic":false}