{"cameraMode":{"drawMode":0,"name":"Shaded","section":"Shading Mode"},"sceneLighting":false,"audioPlay":false,"sceneViewState":{"showFog":true,"showMaterialUpdate":true,"showSkybox":false,"showFlares":true,"showImageEffects":true,"showParticleSystems":true},"in2DMode":false,"pivot":{"x":0.8883213400840759,"y":0.0044209957122802738,"z":-1.0351908206939698},"rotation":{"x":0.18487615883350373,"y":-0.0235837884247303,"z":0.004437880124896765,"w":0.9824689626693726},"size":6.6241936683654789,"orthographic":false}