{"cameraMode":{"drawMode":0,"name":"Shaded","section":"Shading Mode"},"sceneLighting":false,"audioPlay":false,"sceneViewState":{"showFog":true,"showMaterialUpdate":false,"showSkybox":false,"showFlares":true,"showImageEffects":true,"showParticleSystems":true},"in2DMode":false,"pivot":{"x":6.0925493240356449,"y":-9.6707763671875,"z":-21.293733596801759},"rotation":{"x":0.02344416081905365,"y":0.9562434554100037,"z":-0.28046539425849917,"w":0.07993272691965103},"size":55.724586486816409,"orthographic":false}