{"cameraMode":{"drawMode":0,"name":"Shaded","section":"Shading Mode"},"sceneLighting":false,"audioPlay":false,"sceneViewState":{"showFog":true,"showMaterialUpdate":false,"showSkybox":false,"showFlares":true,"showImageEffects":true,"showParticleSystems":true},"in2DMode":false,"pivot":{"x":0.00026285648345947266,"y":1.2815262079238892,"z":0.0750897228717804},"rotation":{"x":0.4334777891635895,"y":0.05940364673733711,"z":-0.02865114063024521,"w":0.8987476825714111},"size":6.684876918792725,"orthographic":false}