{"cameraMode":{"drawMode":0,"name":"Shaded","section":"Shading Mode"},"sceneLighting":true,"audioPlay":false,"sceneViewState":{"showFog":false,"showMaterialUpdate":false,"showSkybox":false,"showFlares":false,"showImageEffects":false,"showParticleSystems":false},"in2DMode":false,"pivot":{"x":-2.2327213287353517,"y":23.994873046875,"z":3.8926515579223635},"rotation":{"x":0.16464462876319886,"y":0.38278305530548098,"z":0.06953233480453491,"w":-0.9063852429389954},"size":18.34059715270996,"orthographic":false}